x,y,time
13.27408157122539,52.45954500333901,2013-07-02T01:31:00Z
13.26065868620109,52.46412414400502,2013-07-02T04:31:00Z
13.259377496051629,52.4645014054975,2013-07-02T07:31:00Z
13.25966004152003,52.46423174322652,2013-07-02T10:31:00Z
13.259316766748565,52.46431237870447,2013-07-02T13:31:00Z
13.259291045437365,52.46416474033174,2013-07-02T16:31:00Z
13.267500677544666,52.46635610343706,2013-07-02T19:31:00Z
13.278434146718928,52.46924521586241,2013-07-02T22:31:00Z
13.271943149980443,52.46096639829549,2013-07-03T01:31:00Z
13.259114224747355,52.463302590178394,2013-07-03T04:31:00Z
13.258832392813648,52.46345942822919,2013-07-03T07:31:00Z
13.258958939989494,52.46353512714553,2013-07-03T10:31:00Z
13.258880216930708,52.46348427023659,2013-07-03T13:31:00Z
13.258925858583508,52.463611428374456,2013-07-03T16:31:00Z
13.25855728428883,52.4655496695987,2013-07-03T19:31:00Z
13.278259779245298,52.470396719190795,2013-07-03T22:31:00Z
13.275860212779511,52.46481109708893,2013-07-04T01:31:00Z
13.265921857690369,52.46084936734993,2013-07-04T04:31:00Z
13.262522253487864,52.46109232924152,2013-07-04T07:31:00Z
13.262796100526327,52.46084544463889,2013-07-04T10:31:00Z
13.262864884693359,52.46081317108179,2013-07-04T13:31:00Z
13.26259532153151,52.460641934652074,2013-07-04T16:31:00Z
13.265285375560172,52.460752652321716,2013-07-04T19:31:00Z
13.277396641199148,52.46683295109324,2013-07-04T22:31:00Z
13.273292655597484,52.46411116715994,2013-07-05T01:31:00Z
13.2598143,52.464396900000004,2013-07-05T04:31:00Z
13.259134368161368,52.46373700531083,2013-07-05T07:31:00Z
13.259013960957324,52.46339987407328,2013-07-05T10:31:00Z
13.258952015274115,52.463425899323006,2013-07-05T13:31:00Z
13.258995351584637,52.46355723965411,2013-07-05T16:31:00Z
13.26126564553657,52.46087953886592,2013-07-05T19:31:00Z
13.27625136823281,52.46300956910621,2013-07-05T22:31:00Z
13.27780060729999,52.46554171769593,2013-07-06T01:31:00Z
13.260623295271165,52.46457959683454,2013-07-06T04:31:00Z
13.259359259309507,52.46429968860963,2013-07-06T07:31:00Z
13.259581253582896,52.46425351358098,2013-07-06T10:31:00Z
13.259381610713874,52.464221468028136,2013-07-06T13:31:00Z
13.259333915226629,52.46417392213909,2013-07-06T16:31:00Z
13.264477117740492,52.46164584699464,2013-07-06T19:31:00Z
13.27458100656008,52.46505835404286,2013-07-06T22:31:00Z
13.274411104952195,52.46271239647002,2013-07-07T01:31:00Z
13.262236596802097,52.461202113043505,2013-07-07T04:31:00Z
13.259490848680018,52.463867263303875,2013-07-07T07:31:00Z
13.259459053375757,52.463925014975764,2013-07-07T10:31:00Z
13.25939744217279,52.46417845295956,2013-07-07T13:31:00Z
13.259294370654233,52.463991080880966,2013-07-07T16:31:00Z
13.259781011811272,52.461335859151454,2013-07-07T19:31:00Z
13.277335000846547,52.46572921368149,2013-07-07T22:31:00Z
13.272759504952528,52.46408780971596,2013-07-08T01:31:00Z
13.25803651223367,52.464236113445374,2013-07-08T04:31:00Z
13.25890530516947,52.463529060762006,2013-07-08T07:31:00Z
13.258922258648377,52.46355453490695,2013-07-08T10:31:00Z
13.258739594057868,52.46350627283614,2013-07-08T13:31:00Z
13.259067007760706,52.46371875020179,2013-07-08T16:31:00Z
13.263137519492203,52.46120242349011,2013-07-08T19:31:00Z
13.262230815432334,52.460356089171086,2013-07-08T22:31:00Z
13.277842802065837,52.46552474168242,2013-07-09T01:31:00Z
13.2572800882742,52.46490825548547,2013-07-09T04:31:00Z
13.260671597598003,52.462700418461054,2013-07-09T07:31:00Z
13.260067707932995,52.46272282168269,2013-07-09T10:31:00Z
13.260363704674164,52.462805152984544,2013-07-09T13:31:00Z
13.260336570054157,52.462832370223985,2013-07-09T16:31:00Z
13.270380683638313,52.46001405093597,2013-07-09T19:31:00Z
13.277564056655676,52.46697926501342,2013-07-09T22:31:00Z
13.27283022429258,52.464877389745865,2013-07-10T01:31:00Z
13.256211590466908,52.46381929469972,2013-07-10T04:31:00Z
13.259137810044148,52.463578195603354,2013-07-10T07:31:00Z
13.2589075,52.4636044,2013-07-10T10:31:00Z
13.258946239399693,52.463735120123616,2013-07-10T13:31:00Z
13.259046132267715,52.46381445871438,2013-07-10T16:31:00Z
13.26253282987862,52.458497454438074,2013-07-10T19:31:00Z
13.278457782808141,52.46990196755402,2013-07-10T22:31:00Z
13.27089967606748,52.46397465248155,2013-07-11T01:31:00Z
13.261994061463842,52.462401726099586,2013-07-11T04:31:00Z
13.25949720619331,52.46394265278603,2013-07-11T07:31:00Z
13.25940968908678,52.46394200231147,2013-07-11T10:31:00Z
13.259308950669777,52.463486667731,2013-07-11T13:31:00Z
13.259451363917156,52.463900962804985,2013-07-11T16:31:00Z
13.263356616173068,52.45923176062359,2013-07-11T19:31:00Z
13.27435435553619,52.45896738008562,2013-07-11T22:31:00Z
13.274897128451151,52.46457026354789,2013-07-12T01:31:00Z
13.258650925278245,52.46429435600315,2013-07-12T04:31:00Z
13.259509624068611,52.4638973380057,2013-07-12T07:31:00Z
13.259219973033641,52.46394913335722,2013-07-12T10:31:00Z
13.259367657255762,52.46386254322836,2013-07-12T13:31:00Z
13.259351768317622,52.4639387971896,2013-07-12T16:31:00Z
13.257956908146312,52.46025325921242,2013-07-12T19:31:00Z
13.27840016363927,52.470064675515104,2013-07-12T22:31:00Z
13.271405387923584,52.463030889776476,2013-07-13T01:31:00Z
13.259776337539131,52.463373019565076,2013-07-13T04:31:00Z
13.25943007244083,52.46406120426495,2013-07-13T07:31:00Z
13.259192734691329,52.46395665404065,2013-07-13T10:31:00Z
13.259408971843179,52.46383887408078,2013-07-13T13:31:00Z
13.25937575384208,52.4638827618294,2013-07-13T16:31:00Z
13.265500941312963,52.46107599221318,2013-07-13T19:31:00Z
13.27615582957239,52.465359424631714,2013-07-13T22:31:00Z
13.274649430363437,52.46269431107204,2013-07-14T01:31:00Z
13.256660492540682,52.46309773051188,2013-07-14T04:31:00Z
13.259280130768815,52.46396079753712,2013-07-14T07:31:00Z
13.25934419241829,52.46388543272787,2013-07-14T10:31:00Z
13.25929134645331,52.46403580800756,2013-07-14T13:31:00Z
13.259374555456553,52.46383917018597,2013-07-14T16:31:00Z
13.266679941518133,52.45965537573153,2013-07-14T19:31:00Z
13.2763835380547,52.46346569664409,2013-07-14T22:31:00Z
13.276778924876357,52.465693993659336,2013-07-15T01:31:00Z
13.259423847999939,52.46396003200158,2013-07-15T04:31:00Z
13.259397359290109,52.46389427277146,2013-07-15T07:31:00Z
13.259394341426633,52.463863990350845,2013-07-15T10:31:00Z
13.259242593915078,52.464108449496315,2013-07-15T13:31:00Z
13.259445784261148,52.46385169271591,2013-07-15T16:31:00Z
13.264392879521546,52.457805761007045,2013-07-15T19:31:00Z
13.263980346876384,52.45799949900789,2013-07-15T22:31:00Z
13.275734319871805,52.4647948416046,2013-07-16T01:31:00Z
13.263225202618326,52.4609541688864,2013-07-16T04:31:00Z
13.259195026815497,52.463934000269994,2013-07-16T07:31:00Z
13.259042885496218,52.46407717487754,2013-07-16T10:31:00Z
13.259353550870397,52.46384685868667,2013-07-16T13:31:00Z
13.25942074436587,52.46385521259389,2013-07-16T16:31:00Z
13.268593016591351,52.459163566637,2013-07-16T19:31:00Z
13.277324242050877,52.464717914358225,2013-07-16T22:31:00Z
13.269781299964915,52.46317779319587,2013-07-17T01:31:00Z
13.262656439920892,52.460765429502224,2013-07-17T04:31:00Z
13.262689888061171,52.46090776390543,2013-07-17T07:31:00Z
13.262800689306188,52.460747549671076,2013-07-17T10:31:00Z
13.262546190265867,52.460985543494665,2013-07-17T13:31:00Z
13.262240690702345,52.460707416264164,2013-07-17T16:31:00Z
13.254136111327028,52.4629405132962,2013-07-17T19:31:00Z
13.277198747521924,52.46603645316343,2013-07-17T22:31:00Z
13.272855989837492,52.46636087433158,2013-07-18T01:31:00Z
13.26146328453316,52.46338243764286,2013-07-18T04:31:00Z
13.258940411934232,52.46361501813889,2013-07-18T07:31:00Z
13.258983014842759,52.46371338120086,2013-07-18T10:31:00Z
13.259061200920897,52.46350648616619,2013-07-18T13:31:00Z
13.258890467515057,52.46352706190757,2013-07-18T16:31:00Z
13.269238205666378,52.45924153505685,2013-07-18T19:31:00Z
13.274342155880856,52.46279017495719,2013-07-18T22:31:00Z
13.274521033366565,52.46397674739789,2013-07-19T01:31:00Z
13.26374271309807,52.46067931599005,2013-07-19T04:31:00Z
13.262732621829379,52.460893764828015,2013-07-19T07:31:00Z
13.262776210181853,52.46079739414797,2013-07-19T10:31:00Z
13.262725302901515,52.46089614348919,2013-07-19T13:31:00Z
13.262793244669014,52.460873049901906,2013-07-19T16:31:00Z
13.26234759068569,52.46018012552301,2013-07-19T19:31:00Z
13.274412675013695,52.46263771759376,2013-07-19T22:31:00Z
13.271834037297033,52.464832492714315,2013-07-20T01:31:00Z
13.261733639027394,52.46278601542961,2013-07-20T04:31:00Z
13.259043964542393,52.46357773712565,2013-07-20T07:31:00Z
13.258830076223772,52.463634245024544,2013-07-20T10:31:00Z
13.258868359953462,52.46345930948517,2013-07-20T13:31:00Z
13.258960614004096,52.46351137658323,2013-07-20T16:31:00Z
13.274430729354858,52.46271369208756,2013-07-20T19:31:00Z
13.278056351722656,52.47124360446504,2013-07-20T22:31:00Z
13.275434252598325,52.46270665908936,2013-07-21T01:31:00Z
13.256912994385534,52.46413925620871,2013-07-21T04:31:00Z
13.259118722438608,52.4635465355742,2013-07-21T07:31:00Z
13.258937882747093,52.46356365901953,2013-07-21T10:31:00Z
13.258917947856803,52.463639091502216,2013-07-21T13:31:00Z
13.258850562433782,52.46350232153046,2013-07-21T16:31:00Z
13.254441593311048,52.462964693758735,2013-07-21T19:31:00Z
13.276744072448565,52.46588854749056,2013-07-21T22:31:00Z
13.270367880345562,52.46211756148613,2013-07-22T01:31:00Z
13.259274923004746,52.46389430543604,2013-07-22T04:31:00Z
13.259399470156222,52.46396738871953,2013-07-22T07:31:00Z
13.259244138304785,52.463866990082465,2013-07-22T10:31:00Z
13.259342152410605,52.46386119940438,2013-07-22T13:31:00Z
13.259322850483358,52.46391313968863,2013-07-22T16:31:00Z
13.274543780382524,52.46270600582475,2013-07-22T19:31:00Z
13.278321592514883,52.46787899897401,2013-07-22T22:31:00Z
13.270660149216132,52.46326362269037,2013-07-23T01:31:00Z
13.258617714639763,52.464337118565204,2013-07-23T04:31:00Z
13.259639297331416,52.464014025437216,2013-07-23T07:31:00Z
13.259485287243029,52.463884980338854,2013-07-23T10:31:00Z
13.259333437559212,52.463939647069914,2013-07-23T13:31:00Z
13.259416915701669,52.46384312829017,2013-07-23T16:31:00Z
13.264995367035498,52.46104802103041,2013-07-23T19:31:00Z
13.278016058114135,52.469008089691464,2013-07-23T22:31:00Z
13.274967222119184,52.461254970544324,2013-07-24T01:31:00Z
13.261408658102667,52.46282029365807,2013-07-24T04:31:00Z
13.259067905443224,52.46351214977612,2013-07-24T07:31:00Z
13.258967207893578,52.46352615363831,2013-07-24T10:31:00Z
13.25867788031768,52.4635816204207,2013-07-24T13:31:00Z
13.258920838009649,52.46345053502076,2013-07-24T16:31:00Z
13.27454042877791,52.46274239290202,2013-07-24T19:31:00Z
13.274547380478024,52.46269485732699,2013-07-24T22:31:00Z
13.275338031459798,52.46245300914093,2013-07-25T01:31:00Z
13.26396456503724,52.459171252427595,2013-07-25T04:31:00Z
13.262770254717582,52.460855663896425,2013-07-25T07:31:00Z
13.262755569384465,52.46088716723177,2013-07-25T10:31:00Z
13.262617401276481,52.460875456046224,2013-07-25T13:31:00Z
13.262575054302603,52.46096074194179,2013-07-25T16:31:00Z
13.274648187559478,52.4636414215624,2013-07-25T19:31:00Z
13.277701339571436,52.465494857084316,2013-07-25T22:31:00Z
13.273586786791357,52.46423072188903,2013-07-26T01:31:00Z
13.259160863614317,52.46416410793465,2013-07-26T04:31:00Z
13.259453864184827,52.46398490160978,2013-07-26T07:31:00Z
13.259467,52.4638806,2013-07-26T10:31:00Z
13.259272229192987,52.463979437951366,2013-07-26T13:31:00Z
13.259283072163358,52.46400038353945,2013-07-26T16:31:00Z
13.274536488228453,52.46273609862036,2013-07-26T19:31:00Z
13.278352293428057,52.468782101968756,2013-07-26T22:31:00Z
13.274931251767752,52.46122768409844,2013-07-27T01:31:00Z
13.263447711097667,52.461127778935484,2013-07-27T04:31:00Z
13.259445557599387,52.463882729448144,2013-07-27T07:31:00Z
13.25933910666761,52.46371741624448,2013-07-27T10:31:00Z
13.259500531293023,52.4638797933735,2013-07-27T13:31:00Z
13.259429018126443,52.46391689856319,2013-07-27T16:31:00Z
13.274644196751987,52.4628399285362,2013-07-27T19:31:00Z
13.276059793825306,52.46373415683896,2013-07-27T22:31:00Z
13.27248505251897,52.46540009077468,2013-07-28T01:31:00Z
13.257990929761126,52.463850422561535,2013-07-28T04:31:00Z
13.258765432504145,52.46341977659065,2013-07-28T07:31:00Z
13.258727521948714,52.46364147006042,2013-07-28T10:31:00Z
13.258786040119563,52.463723483100196,2013-07-28T13:31:00Z
13.258901229936741,52.46368875541075,2013-07-28T16:31:00Z
13.277211668360078,52.46816695784958,2013-07-28T19:31:00Z
13.277848876692245,52.469197251527916,2013-07-28T22:31:00Z
13.272899566252661,52.461089720103246,2013-07-29T01:31:00Z
13.25912108296614,52.46282594862561,2013-07-29T04:31:00Z
13.258933042205877,52.463426011478454,2013-07-29T07:31:00Z
13.258887982264834,52.46351311565922,2013-07-29T10:31:00Z
13.258952416024435,52.463525628911036,2013-07-29T13:31:00Z
13.258843812910818,52.46355795467237,2013-07-29T16:31:00Z
13.27217527616438,52.46588986593282,2013-07-29T19:31:00Z
13.273003928199326,52.46490657499379,2013-07-29T22:31:00Z
13.254216541307397,52.463095664896315,2013-07-30T01:31:00Z
13.263266234375573,52.46128386526008,2013-07-30T04:31:00Z
13.260889861655208,52.462991413219044,2013-07-30T07:31:00Z
13.260995383543287,52.463056991066274,2013-07-30T10:31:00Z
13.260905532356508,52.46301402907017,2013-07-30T13:31:00Z
13.26099006438017,52.46307046428235,2013-07-30T16:31:00Z
13.254917247481778,52.462979160762536,2013-07-30T19:31:00Z
13.257253184384806,52.45985624031882,2013-07-30T22:31:00Z
13.277059250186515,52.46437216615732,2013-07-31T01:31:00Z
13.263795546959306,52.45921961130008,2013-07-31T04:31:00Z
13.260921495814191,52.46307892017034,2013-07-31T07:31:00Z
13.260987157668279,52.46302224205125,2013-07-31T10:31:00Z
13.260931211315796,52.462896526651846,2013-07-31T13:31:00Z
13.26091229460602,52.46295729525182,2013-07-31T16:31:00Z
13.254339356095414,52.459477293294846,2013-07-31T19:31:00Z
13.261468935283462,52.45848911244727,2013-07-31T22:31:00Z
13.278146474220218,52.467229711889644,2013-08-01T01:31:00Z
13.262742974887995,52.461374259182655,2013-08-01T04:31:00Z
13.260928229949245,52.462947859051226,2013-08-01T07:31:00Z
13.260882622204258,52.46295602367,2013-08-01T10:31:00Z
13.260873060484904,52.46315824162683,2013-08-01T13:31:00Z
13.260736897346522,52.463099375299876,2013-08-01T16:31:00Z
13.26577842877659,52.45841238040721,2013-08-01T19:31:00Z
13.274971427689824,52.46065870673268,2013-08-01T22:31:00Z
13.267012311775913,52.4604952552029,2013-08-02T01:31:00Z
13.258857968768073,52.46361965764868,2013-08-02T04:31:00Z
13.258982298572118,52.463529023754035,2013-08-02T07:31:00Z
13.25905124244769,52.46345128777928,2013-08-02T10:31:00Z
13.258929728996423,52.463576650337096,2013-08-02T13:31:00Z
13.258863979487552,52.463469046349424,2013-08-02T16:31:00Z
13.267306953325493,52.460214386709524,2013-08-02T19:31:00Z
13.274013421137877,52.4576859279331,2013-08-02T22:31:00Z
13.266131146944485,52.459372335331516,2013-08-03T01:31:00Z
13.263350621699427,52.460899321310464,2013-08-03T04:31:00Z
13.259749861382987,52.46379864891936,2013-08-03T07:31:00Z
13.259313415926592,52.46400115370269,2013-08-03T10:31:00Z
13.259490230426689,52.463973063679965,2013-08-03T13:31:00Z
13.259339989592085,52.46395592766302,2013-08-03T16:31:00Z
13.256997373509863,52.46014322413405,2013-08-03T19:31:00Z
13.256644473694116,52.459868409377854,2013-08-03T22:31:00Z
13.261354378012703,52.45871957627153,2013-08-04T01:31:00Z
13.261812401873703,52.46366185815187,2013-08-04T04:31:00Z
13.25936550225679,52.46398543851932,2013-08-04T07:31:00Z
13.259278319567391,52.46425601933495,2013-08-04T10:31:00Z
13.259495256934372,52.463896000622015,2013-08-04T13:31:00Z
13.259606253422664,52.463800226219,2013-08-04T16:31:00Z
13.262347356356226,52.463685825447634,2013-08-04T19:31:00Z
13.278415759753432,52.468971541295446,2013-08-04T22:31:00Z
13.271341775051416,52.46436240046387,2013-08-05T01:31:00Z
13.260430672747432,52.46291493953066,2013-08-05T04:31:00Z
13.258992684108462,52.46347718683541,2013-08-05T07:31:00Z
13.259146326779206,52.463452655802826,2013-08-05T10:31:00Z
13.259076308558885,52.46348434851203,2013-08-05T13:31:00Z
13.259099877142933,52.46362505242256,2013-08-05T16:31:00Z
13.262051009720114,52.461594599053534,2013-08-05T19:31:00Z
13.275391102906568,52.46161034428294,2013-08-05T22:31:00Z
13.273682610233855,52.456453839924684,2013-08-06T01:31:00Z
13.265432017044244,52.458623218659355,2013-08-06T04:31:00Z
13.265266882097084,52.458597891838394,2013-08-06T07:31:00Z
13.265325268899948,52.45866153238492,2013-08-06T10:31:00Z
13.26512283684474,52.45853402480292,2013-08-06T13:31:00Z
13.265496999986691,52.4585025969671,2013-08-06T16:31:00Z
13.254168983256209,52.458861344826175,2013-08-06T19:31:00Z
13.262206390058022,52.459347348874104,2013-08-06T22:31:00Z
13.274102849949362,52.45856424941828,2013-08-07T01:31:00Z
13.26045065128683,52.46426350714259,2013-08-07T04:31:00Z
13.259516284337531,52.46384037264854,2013-08-07T07:31:00Z
13.259407275252721,52.46391632514645,2013-08-07T10:31:00Z
13.259156457086636,52.4639560429799,2013-08-07T13:31:00Z
13.259408604207911,52.46398519862886,2013-08-07T16:31:00Z
13.26137297188815,52.46225364048256,2013-08-07T19:31:00Z
13.273290489629758,52.460794720893844,2013-08-07T22:31:00Z
13.261958448740256,52.46387697840152,2013-08-08T01:31:00Z
13.259208512570135,52.464167888779336,2013-08-08T04:31:00Z
13.259483499528809,52.46384609200614,2013-08-08T07:31:00Z
13.259331933658997,52.463884964168,2013-08-08T10:31:00Z
13.259484203035775,52.46394688427049,2013-08-08T13:31:00Z
13.259244700885077,52.46404384028376,2013-08-08T16:31:00Z
13.26886728652864,52.460130014207586,2013-08-08T19:31:00Z
13.271199765041839,52.461383945896436,2013-08-08T22:31:00Z
13.27106795490396,52.464580332074014,2013-08-09T01:31:00Z
13.267367272157191,52.461140472570506,2013-08-09T04:31:00Z
13.266981656474035,52.46146592977658,2013-08-09T07:31:00Z
13.26702327975665,52.461490639601436,2013-08-09T10:31:00Z
13.266953797153807,52.46163781291481,2013-08-09T13:31:00Z
13.262981142537221,52.462019443058544,2013-08-09T16:31:00Z
13.254050581229954,52.46068754542923,2013-08-09T19:31:00Z
13.263634863186741,52.458449624090576,2013-08-09T22:31:00Z
13.27531841971382,52.46500736575279,2013-08-10T01:31:00Z
13.2605592123773,52.46280052067942,2013-08-10T04:31:00Z
13.25926347589744,52.464085615639334,2013-08-10T07:31:00Z
13.2593086,52.4638961917872,2013-08-10T10:31:00Z
13.259343602778076,52.463998512618325,2013-08-10T13:31:00Z
13.259294335721595,52.46407797513898,2013-08-10T16:31:00Z
13.265776526209192,52.45913974209425,2013-08-10T19:31:00Z
13.2714816297708,52.461874429456145,2013-08-10T22:31:00Z
13.270726856126771,52.46103150763961,2013-08-11T01:31:00Z
13.261088943540837,52.46305889106432,2013-08-11T04:31:00Z
13.261138589439303,52.46298767498449,2013-08-11T07:31:00Z
13.261124027628822,52.46303934928909,2013-08-11T10:31:00Z
13.260989283085985,52.46301317540313,2013-08-11T13:31:00Z
13.260948403252765,52.463055704678254,2013-08-11T16:31:00Z
13.263627979952295,52.46406539970985,2013-08-11T19:31:00Z
13.267567023300256,52.46633577600555,2013-08-11T22:31:00Z
13.26148741200784,52.46449070802124,2013-08-12T01:31:00Z
13.257651562665265,52.46400716078311,2013-08-12T04:31:00Z
13.25759781039767,52.464054883194684,2013-08-12T07:31:00Z
13.257774164055714,52.46394152285593,2013-08-12T10:31:00Z
13.257700003557733,52.46402866886702,2013-08-12T13:31:00Z
13.257670386703856,52.464079927328605,2013-08-12T16:31:00Z
13.256526215831652,52.45958323618377,2013-08-12T19:31:00Z
13.259650563715413,52.45786672061195,2013-08-12T22:31:00Z
13.271024387657777,52.463397030823224,2013-08-13T01:31:00Z
13.263547090468194,52.46090848560329,2013-08-13T04:31:00Z
13.259256780337674,52.4639100351559,2013-08-13T07:31:00Z
13.259365299202644,52.46394250603645,2013-08-13T10:31:00Z
13.259352538451855,52.46387185904565,2013-08-13T13:31:00Z
13.25940934097458,52.463869604714894,2013-08-13T16:31:00Z
13.25587112593173,52.46493310633606,2013-08-13T19:31:00Z
13.262220259597914,52.46481094692663,2013-08-13T22:31:00Z
13.261620055117982,52.46011146946659,2013-08-14T01:31:00Z
13.2631247749731,52.45926299244965,2013-08-14T04:31:00Z
13.264104591278665,52.45992397438925,2013-08-14T07:31:00Z
13.257721085201506,52.46396014333501,2013-08-14T10:31:00Z
13.257655989135243,52.46409777854011,2013-08-14T13:31:00Z
13.257632383138734,52.464034205044186,2013-08-14T16:31:00Z
13.257339922575436,52.46012507161192,2013-08-14T19:31:00Z
13.25504214637941,52.46081083996116,2013-08-14T22:31:00Z
13.256550873120114,52.46476405868258,2013-08-15T01:31:00Z
13.253691253278852,52.46414963926311,2013-08-15T04:31:00Z
13.25371413896378,52.46413854896437,2013-08-15T07:31:00Z
13.253684437315842,52.464312285775115,2013-08-15T10:31:00Z
13.253755496800506,52.46420289725337,2013-08-15T13:31:00Z
13.253926742324008,52.464028343267145,2013-08-15T16:31:00Z
13.254288729427309,52.457175905865185,2013-08-15T19:31:00Z
13.255319798512147,52.460727388938516,2013-08-15T22:31:00Z
13.2642233784925,52.45964140668046,2013-08-16T01:31:00Z
13.26406840020807,52.45918608636748,2013-08-16T04:31:00Z
13.259401008885158,52.46397438514562,2013-08-16T07:31:00Z
13.259364848590828,52.46399728770952,2013-08-16T10:31:00Z
13.25936559513887,52.46391040871397,2013-08-16T13:31:00Z
13.259356349239273,52.464001862297145,2013-08-16T16:31:00Z
13.26975237200784,52.459353542142196,2013-08-16T19:31:00Z
13.27354620925382,52.46530350320978,2013-08-16T22:31:00Z
13.269360423539718,52.46007734428773,2013-08-17T01:31:00Z
13.259346706757498,52.463926003000005,2013-08-17T04:31:00Z
13.258950471355995,52.46362166451098,2013-08-17T07:31:00Z
13.259355849270518,52.4638430989337,2013-08-17T10:31:00Z
13.259402604882643,52.46393506748258,2013-08-17T13:31:00Z
13.259352868387259,52.463987066808784,2013-08-17T16:31:00Z
13.254195434133603,52.46295895884871,2013-08-17T19:31:00Z
13.266097811416518,52.45884773512772,2013-08-17T22:31:00Z
13.26590286891016,52.45805583815165,2013-08-18T01:31:00Z
13.264666569764456,52.458795634351965,2013-08-18T04:31:00Z
13.26399624217317,52.45892276216873,2013-08-18T07:31:00Z
13.26405610049995,52.45906951815421,2013-08-18T10:31:00Z
13.263855845731673,52.45887409493414,2013-08-18T13:31:00Z
13.26388736496583,52.45899992427127,2013-08-18T16:31:00Z
13.268557901689435,52.459314928455186,2013-08-18T19:31:00Z
13.26633202155592,52.46017293828459,2013-08-18T22:31:00Z
13.261905654247172,52.46480454255347,2013-08-19T01:31:00Z
13.259259846933904,52.46393661560906,2013-08-19T04:31:00Z
13.25956168167301,52.463870219148376,2013-08-19T07:31:00Z
13.259357401191592,52.463893028410524,2013-08-19T10:31:00Z
13.25940021073747,52.46396472473635,2013-08-19T13:31:00Z
13.25948462854818,52.46389343388172,2013-08-19T16:31:00Z
13.263564771339771,52.45927254573017,2013-08-19T19:31:00Z
13.264051468145617,52.46566398460218,2013-08-19T22:31:00Z
13.262418513505246,52.46389153505734,2013-08-20T01:31:00Z
13.256905761976395,52.46498971272978,2013-08-20T04:31:00Z
13.256681175019674,52.46518290740956,2013-08-20T07:31:00Z
13.256646686516081,52.46520623522944,2013-08-20T10:31:00Z
13.256716339730971,52.464943386282705,2013-08-20T13:31:00Z
13.256472432829833,52.46512264630433,2013-08-20T16:31:00Z
13.263380198847736,52.45923593201796,2013-08-20T19:31:00Z
13.274426279390662,52.462663408970364,2013-08-20T22:31:00Z
13.270736536572748,52.46329494625043,2013-08-21T01:31:00Z
13.25989910635128,52.46428671693682,2013-08-21T04:31:00Z
13.259295296485893,52.463651991223905,2013-08-21T07:31:00Z
13.259303027763968,52.46389803397392,2013-08-21T10:31:00Z
13.259343027059902,52.464167891908986,2013-08-21T13:31:00Z
13.259553614943288,52.46387068535659,2013-08-21T16:31:00Z
13.263826405712283,52.46422782545299,2013-08-21T19:31:00Z
13.263583791444006,52.466391940810404,2013-08-21T22:31:00Z
13.269205883908374,52.46606238583545,2013-08-22T01:31:00Z
13.256660610505003,52.46514721939554,2013-08-22T04:31:00Z
13.256707477319916,52.46506522334854,2013-08-22T07:31:00Z
13.256599738250307,52.46541329427054,2013-08-22T10:31:00Z
13.256697527125274,52.46495955556148,2013-08-22T13:31:00Z
13.256498839679807,52.464265798914106,2013-08-22T16:31:00Z
13.274573731962365,52.46279710176493,2013-08-22T19:31:00Z
13.270877885670512,52.46310950261083,2013-08-22T22:31:00Z
13.269709342179425,52.46701269125075,2013-08-23T01:31:00Z
13.259362073489209,52.46395193347414,2013-08-23T04:31:00Z
13.259291571930067,52.46391087715082,2013-08-23T07:31:00Z
13.259428113028182,52.463961642886346,2013-08-23T10:31:00Z
13.259305092056549,52.46386983374638,2013-08-23T13:31:00Z
13.25976223831524,52.464103811782756,2013-08-23T16:31:00Z
13.274556559421502,52.46275257621327,2013-08-23T19:31:00Z
13.265561837728065,52.465524988787166,2013-08-23T22:31:00Z
13.254379104243133,52.459298938695405,2013-08-24T01:31:00Z
13.259422431784841,52.46384021107675,2013-08-24T04:31:00Z
13.259612663400526,52.46402909251658,2013-08-24T07:31:00Z
13.259403081460867,52.463860981353754,2013-08-24T10:31:00Z
13.259400188490812,52.46389504626722,2013-08-24T13:31:00Z
13.259897498947714,52.464334712476195,2013-08-24T16:31:00Z
13.25119158179576,52.457885827457645,2013-08-24T19:31:00Z
13.267464244627003,52.46654521843656,2013-08-24T22:31:00Z
13.272066298607385,52.461158986153926,2013-08-25T01:31:00Z
13.262532798657764,52.45976734365016,2013-08-25T04:31:00Z
13.263978780785896,52.4589585870467,2013-08-25T07:31:00Z
13.264041654559826,52.458892569134505,2013-08-25T10:31:00Z
13.264034569285696,52.458980181888116,2013-08-25T13:31:00Z
13.26468681652233,52.45877822370268,2013-08-25T16:31:00Z
13.274575465477565,52.46274289805012,2013-08-25T19:31:00Z
13.274336102875914,52.462741431728915,2013-08-25T22:31:00Z
13.265069529899451,52.464050787196996,2013-08-26T01:31:00Z
13.259384982627887,52.46394112725777,2013-08-26T04:31:00Z
13.259346071653333,52.46391004920742,2013-08-26T07:31:00Z
13.259252510199929,52.4636437117887,2013-08-26T10:31:00Z
13.259218337081053,52.46371573170916,2013-08-26T13:31:00Z
13.259137732763485,52.463764589342674,2013-08-26T16:31:00Z
13.267830125117761,52.459363214828656,2013-08-26T19:31:00Z
13.270954873814112,52.46300847975816,2013-08-26T22:31:00Z
13.269437141703605,52.46663186131708,2013-08-27T01:31:00Z
13.253691125670093,52.46550330546601,2013-08-27T04:31:00Z
13.253689801605736,52.4654603525683,2013-08-27T07:31:00Z
13.253657815036474,52.4653588398921,2013-08-27T10:31:00Z
13.253654678731952,52.46556240893579,2013-08-27T13:31:00Z
13.25246813494744,52.46500689775353,2013-08-27T16:31:00Z
13.255513765802688,52.46468352024996,2013-08-27T19:31:00Z
13.274275573694908,52.46270985899893,2013-08-27T22:31:00Z
13.271014111677154,52.46339077174831,2013-08-28T01:31:00Z
13.259472648214459,52.46388485264141,2013-08-28T04:31:00Z
13.259435024994758,52.4639313354256,2013-08-28T07:31:00Z
13.259313413094395,52.4635973450105,2013-08-28T10:31:00Z
13.259437053237129,52.463874159538705,2013-08-28T13:31:00Z
13.260082346925481,52.46426938935797,2013-08-28T16:31:00Z
13.262505723060041,52.46334639949554,2013-08-28T19:31:00Z
13.267668443566278,52.458571299879,2013-08-28T22:31:00Z
13.26707146483695,52.45899827169321,2013-08-29T01:31:00Z
13.26030099382977,52.46387941111729,2013-08-29T04:31:00Z
13.260116005452586,52.463844323589576,2013-08-29T07:31:00Z
13.260045229927131,52.46389955441411,2013-08-29T10:31:00Z
13.260101003636425,52.46385708901921,2013-08-29T13:31:00Z
13.259661656460906,52.463977016966595,2013-08-29T16:31:00Z
13.262742974300139,52.45958645171348,2013-08-29T19:31:00Z
13.265808939321055,52.45931935175039,2013-08-29T22:31:00Z
13.269218106090461,52.464795002493396,2013-08-30T01:31:00Z
13.256994392543074,52.46491270691812,2013-08-30T04:31:00Z
13.256675627219606,52.46505187370026,2013-08-30T07:31:00Z
13.256662138522545,52.46511460483742,2013-08-30T10:31:00Z
13.256667529121573,52.46511802477805,2013-08-30T13:31:00Z
13.257955616995279,52.46508741335427,2013-08-30T16:31:00Z
13.254581083643387,52.4635500540822,2013-08-30T19:31:00Z
13.256318608084285,52.4551587303587,2013-08-30T22:31:00Z
13.255342444622343,52.46417552082266,2013-08-31T01:31:00Z
13.2600098791221,52.46392043655109,2013-08-31T04:31:00Z
13.260067463401718,52.46386025153566,2013-08-31T07:31:00Z
13.260090383234866,52.463770603125276,2013-08-31T10:31:00Z
13.260093206260175,52.46393538806261,2013-08-31T13:31:00Z
13.261492216184655,52.46307756289634,2013-08-31T16:31:00Z
13.270776198333513,52.46031179409391,2013-08-31T19:31:00Z
13.265826177689757,52.46215962683055,2013-08-31T22:31:00Z
13.2684687844758,52.4665763074152,2013-09-01T01:31:00Z
13.25360808644074,52.46538837369395,2013-09-01T04:31:00Z
13.253592153685695,52.46540982289537,2013-09-01T07:31:00Z
13.253685477935358,52.46535197967789,2013-09-01T10:31:00Z
13.253590982711637,52.46542045766602,2013-09-01T13:31:00Z
13.25354157173466,52.46480161364624,2013-09-01T16:31:00Z
13.259739320199964,52.461492939232166,2013-09-01T19:31:00Z
13.265549351429867,52.4577515844353,2013-09-01T22:31:00Z
13.260355861524607,52.46119995936849,2013-09-02T01:31:00Z
13.258157166100194,52.46421275123302,2013-09-02T04:31:00Z
13.260073551025684,52.463872902837345,2013-09-02T07:31:00Z
13.259986396029028,52.463960293305526,2013-09-02T10:31:00Z
13.259989139640972,52.46389692207492,2013-09-02T13:31:00Z
13.260026454288486,52.46393154012843,2013-09-02T16:31:00Z
13.26863647316583,52.46655105332712,2013-09-02T19:31:00Z
13.272019908907762,52.46217319392303,2013-09-02T22:31:00Z
13.27283909383213,52.4652144887,2013-09-03T01:31:00Z
13.260086410842176,52.46393366750784,2013-09-03T04:31:00Z
13.260073840067333,52.46400999237475,2013-09-03T07:31:00Z
13.260018645931167,52.46390294099059,2013-09-03T10:31:00Z
13.26012970021371,52.463913105454566,2013-09-03T13:31:00Z
13.260072135802654,52.4639320089469,2013-09-03T16:31:00Z
13.255006231417262,52.462459512187216,2013-09-03T19:31:00Z
13.255480483459097,52.46168186808653,2013-09-03T22:31:00Z
13.258199040534102,52.457358458721046,2013-09-04T01:31:00Z
13.25364466487616,52.46540639684328,2013-09-04T04:31:00Z
13.253624753770902,52.46533246047305,2013-09-04T07:31:00Z
13.253658840992214,52.465340993909415,2013-09-04T10:31:00Z
13.253551495974156,52.46543340658078,2013-09-04T13:31:00Z
13.252934603216792,52.46556966497791,2013-09-04T16:31:00Z
13.251531653210224,52.45724089004181,2013-09-04T19:31:00Z
13.255639272483876,52.4603771463515,2013-09-04T22:31:00Z
13.256375085432788,52.463151967034754,2013-09-05T01:31:00Z
13.260136626819298,52.463989853621726,2013-09-05T04:31:00Z
13.260093663465447,52.46392657976535,2013-09-05T07:31:00Z
13.260130910661816,52.46387763554532,2013-09-05T10:31:00Z
13.260141750592394,52.4638949249485,2013-09-05T13:31:00Z
13.260566587560652,52.46376938441523,2013-09-05T16:31:00Z
13.272556522210213,52.46523061057417,2013-09-05T19:31:00Z
13.27265889699053,52.463213158081786,2013-09-05T22:31:00Z
13.267659507229993,52.45832706081357,2013-09-06T01:31:00Z
13.256717481018331,52.465061994883854,2013-09-06T04:31:00Z
13.256662219292576,52.46507654327256,2013-09-06T07:31:00Z
13.256607176556686,52.46508104646678,2013-09-06T10:31:00Z
13.256618671902883,52.46513875409283,2013-09-06T13:31:00Z
13.256679441626986,52.465134073598655,2013-09-06T16:31:00Z
13.255611652544841,52.46486738489866,2013-09-06T19:31:00Z
13.254051698197177,52.46310832313564,2013-09-06T22:31:00Z
13.2594427135722,52.466332725082886,2013-09-07T01:31:00Z
13.260104188360511,52.463946164467046,2013-09-07T04:31:00Z
13.260148913333573,52.46403941824532,2013-09-07T07:31:00Z
13.260079318917697,52.46393226796404,2013-09-07T10:31:00Z
13.260128585863958,52.463917569340765,2013-09-07T13:31:00Z
13.25920364547588,52.4642009051584,2013-09-07T16:31:00Z
13.263736953245141,52.46423934616672,2013-09-07T19:31:00Z
13.273593965391184,52.46594948033604,2013-09-07T22:31:00Z
13.271707049410928,52.46291397431968,2013-09-08T01:31:00Z
13.256606338668101,52.46510018473547,2013-09-08T04:31:00Z
13.256626465024855,52.465157154020844,2013-09-08T07:31:00Z
13.256660109946022,52.46513613615759,2013-09-08T10:31:00Z
13.256648772881118,52.46511006349996,2013-09-08T13:31:00Z
13.257699805757042,52.46504631466802,2013-09-08T16:31:00Z
13.253059818387012,52.45729288005355,2013-09-08T19:31:00Z
13.260101902723589,52.45959417135949,2013-09-08T22:31:00Z
13.265748381632006,52.45853194677909,2013-09-09T01:31:00Z
13.260148793485447,52.463843418228336,2013-09-09T04:31:00Z
13.260072485591072,52.4636684892824,2013-09-09T07:31:00Z
13.26006307652634,52.46400275748912,2013-09-09T10:31:00Z
13.260139051037031,52.46391602092631,2013-09-09T13:31:00Z
13.259456724871384,52.46370532587241,2013-09-09T16:31:00Z
13.263478501221662,52.46067931188033,2013-09-09T19:31:00Z
13.264552665174564,52.4612568453462,2013-09-09T22:31:00Z
13.273208734376961,52.460812503717705,2013-09-10T01:31:00Z
13.260014600242929,52.46387481570492,2013-09-10T04:31:00Z
13.260195784991364,52.46400526842135,2013-09-10T07:31:00Z
13.260002985554506,52.46392746361748,2013-09-10T10:31:00Z
13.260150805589214,52.463977049598086,2013-09-10T13:31:00Z
13.259973211331346,52.46396602705608,2013-09-10T16:31:00Z
13.268030607864976,52.45892694788032,2013-09-10T19:31:00Z
13.270156720970267,52.460224562936666,2013-09-10T22:31:00Z
13.272904157354189,52.460797376720116,2013-09-11T01:31:00Z
13.253074962158133,52.465300779654854,2013-09-11T04:31:00Z
13.253653517667226,52.465330811835315,2013-09-11T07:31:00Z
13.253640475604012,52.465426533878414,2013-09-11T10:31:00Z
13.253627978679498,52.465371915661564,2013-09-11T13:31:00Z
13.253344356711839,52.464245403212566,2013-09-11T16:31:00Z
13.266019103011542,52.45804007601755,2013-09-11T19:31:00Z
13.268466701522046,52.46008157313055,2013-09-11T22:31:00Z
13.26994127481772,52.46315431695183,2013-09-12T01:31:00Z
13.256646317518834,52.46511617040176,2013-09-12T04:31:00Z
13.256696480404873,52.46518903745888,2013-09-12T07:31:00Z
13.256708927541192,52.465120418892305,2013-09-12T10:31:00Z
13.256731917683336,52.46504116371343,2013-09-12T13:31:00Z
13.258377867989894,52.46500727679732,2013-09-12T16:31:00Z
13.261415430105366,52.462473669480445,2013-09-12T19:31:00Z
13.26385901333682,52.46414277286214,2013-09-12T22:31:00Z
13.264311441359995,52.46690494342249,2013-09-13T01:31:00Z
13.259709735026467,52.464088383077275,2013-09-13T04:31:00Z
13.260044933771848,52.463857450779045,2013-09-13T07:31:00Z
13.260249999824808,52.463863493453225,2013-09-13T10:31:00Z
13.260188604669802,52.46389781937194,2013-09-13T13:31:00Z
13.259724576709708,52.46354122901193,2013-09-13T16:31:00Z
13.25450957374555,52.46056234755054,2013-09-13T19:31:00Z
13.258926067390322,52.466096756108215,2013-09-13T22:31:00Z
13.26220362408663,52.466364899277686,2013-09-14T01:31:00Z
13.253424140859742,52.46563957816634,2013-09-14T04:31:00Z
13.253575631091488,52.465382153908116,2013-09-14T07:31:00Z
13.253666662537439,52.4653769238953,2013-09-14T10:31:00Z
13.25363544809647,52.465339919339804,2013-09-14T13:31:00Z
13.253603516101363,52.465210793922964,2013-09-14T16:31:00Z
13.25165183413367,52.457183996900106,2013-09-14T19:31:00Z
13.254664575872471,52.46089763789583,2013-09-14T22:31:00Z
13.261186987400249,52.46400293651138,2013-09-15T01:31:00Z
13.258485836182405,52.463396120411446,2013-09-15T04:31:00Z
13.260105196982057,52.46398368312094,2013-09-15T07:31:00Z
13.259731889035804,52.464138179086035,2013-09-15T10:31:00Z
13.259834517094268,52.46372342137136,2013-09-15T13:31:00Z
13.259722391700633,52.46364719963138,2013-09-15T16:31:00Z
13.272207976776278,52.46119225879584,2013-09-15T19:31:00Z
13.272252357614109,52.46649639183153,2013-09-15T22:31:00Z
13.273720264356802,52.46544269869347,2013-09-16T01:31:00Z
13.252998399674158,52.46552753029388,2013-09-16T04:31:00Z
13.2536412656086,52.465413138295396,2013-09-16T07:31:00Z
13.25337475504741,52.46554823092038,2013-09-16T10:31:00Z
13.253612527365274,52.46538415273009,2013-09-16T13:31:00Z
13.25358498654749,52.465388335295515,2013-09-16T16:31:00Z
13.250858383461788,52.45781958939141,2013-09-16T19:31:00Z
13.257631102764897,52.45540241609263,2013-09-16T22:31:00Z
13.254303933804259,52.45831177737163,2013-09-17T01:31:00Z
13.253519595347003,52.465424831884555,2013-09-17T04:31:00Z
13.253584025293119,52.46551879707806,2013-09-17T07:31:00Z
13.253622847870338,52.465330064416634,2013-09-17T10:31:00Z
13.25382178002658,52.46537714581131,2013-09-17T13:31:00Z
13.253658212184972,52.46458263401183,2013-09-17T16:31:00Z
13.263879986654088,52.464153189628846,2013-09-17T19:31:00Z
13.265346725378052,52.46437167689091,2013-09-17T22:31:00Z
13.26399056630838,52.46577851838471,2013-09-18T01:31:00Z
13.256877822552962,52.46487231904372,2013-09-18T04:31:00Z
13.259670569750147,52.46379271828303,2013-09-18T07:31:00Z
13.253682822242322,52.46548310803961,2013-09-18T10:31:00Z
13.253661624581493,52.46548470105369,2013-09-18T13:31:00Z
13.256218220548172,52.46437896570794,2013-09-18T16:31:00Z
13.261098327181825,52.46281301190666,2013-09-18T19:31:00Z
13.258517684874038,52.46008689643147,2013-09-18T22:31:00Z
13.2690782787654,52.459137815106835,2013-09-19T01:31:00Z
13.253642758184762,52.46552174115384,2013-09-19T04:31:00Z
13.253464289869356,52.46555926576681,2013-09-19T07:31:00Z
13.253689341193535,52.46554219768734,2013-09-19T10:31:00Z
13.253751213219488,52.46553460118721,2013-09-19T13:31:00Z
13.253720634473684,52.46550183339482,2013-09-19T16:31:00Z
13.253036603379524,52.46118549645293,2013-09-19T19:31:00Z
13.253559071838849,52.454885528298576,2013-09-19T22:31:00Z
13.256393357209927,52.46121376808428,2013-09-20T01:31:00Z
13.25659314400782,52.46391288787483,2013-09-20T04:31:00Z
13.259902257511127,52.46374750776286,2013-09-20T07:31:00Z
13.259815339695919,52.463830713629996,2013-09-20T10:31:00Z
13.259376867024788,52.46393935200361,2013-09-20T13:31:00Z
13.259694760291618,52.46371942746423,2013-09-20T16:31:00Z
13.264939114594593,52.46550714399446,2013-09-20T19:31:00Z
13.271940045966154,52.46129546755236,2013-09-20T22:31:00Z
13.269506512074082,52.46143621550696,2013-09-21T01:31:00Z
13.260816273054026,52.46294192110026,2013-09-21T04:31:00Z
13.259747551785503,52.46389375778295,2013-09-21T07:31:00Z
13.260167389533338,52.46383015300645,2013-09-21T10:31:00Z
13.259794317594428,52.46367494626152,2013-09-21T13:31:00Z
13.259324725630064,52.46406167495619,2013-09-21T16:31:00Z
13.255069202667375,52.463749037249926,2013-09-21T19:31:00Z
13.254791773322893,52.46241494059908,2013-09-21T22:31:00Z
13.256731961114669,52.46083406267178,2013-09-22T01:31:00Z
13.253628470020068,52.46551538806654,2013-09-22T04:31:00Z
13.253586697820698,52.46541332628713,2013-09-22T07:31:00Z
13.253607600548245,52.46543346726706,2013-09-22T10:31:00Z
13.253621749840653,52.46539591723105,2013-09-22T13:31:00Z
13.252840043663973,52.46292870198683,2013-09-22T16:31:00Z
13.25687096499527,52.46456535004286,2013-09-22T19:31:00Z
13.25662817984943,52.4647930858088,2013-09-22T22:31:00Z
13.25778584126273,52.46294043206416,2013-09-23T01:31:00Z
13.259995541827415,52.46301315360914,2013-09-23T04:31:00Z
13.259875274938054,52.463871549861075,2013-09-23T07:31:00Z
13.25979465964209,52.46383907395387,2013-09-23T10:31:00Z
13.259826561714911,52.46379128994468,2013-09-23T13:31:00Z
13.259780237687542,52.46387638441769,2013-09-23T16:31:00Z
13.260936874527362,52.46318014805971,2013-09-23T19:31:00Z
13.26174519543277,52.461027975333565,2013-09-23T22:31:00Z
13.267150519403089,52.458228088154975,2013-09-24T01:31:00Z
13.259209029523698,52.46426368487733,2013-09-24T04:31:00Z
13.25995934755891,52.4638429375873,2013-09-24T07:31:00Z
13.25986263937071,52.4637968050963,2013-09-24T10:31:00Z
13.259892190316094,52.463694156504026,2013-09-24T13:31:00Z
13.257887824752054,52.46476777457173,2013-09-24T16:31:00Z
13.26172721427093,52.46408735471119,2013-09-24T19:31:00Z
13.262889861365084,52.4649411800519,2013-09-24T22:31:00Z
13.268379538739769,52.467294758494184,2013-09-25T01:31:00Z
13.259561284392829,52.463940592000064,2013-09-25T04:31:00Z
13.259231562075405,52.46443009497412,2013-09-25T07:31:00Z
13.259250834182122,52.464290266529,2013-09-25T10:31:00Z
13.259583235032666,52.463847186495244,2013-09-25T13:31:00Z
13.261462936769714,52.46278021573332,2013-09-25T16:31:00Z
13.262247400318842,52.465529809269796,2013-09-25T19:31:00Z
13.272677112313477,52.46658166661271,2013-09-25T22:31:00Z
13.271256506883574,52.46604259715494,2013-09-26T01:31:00Z
13.253654515381722,52.46555236518377,2013-09-26T04:31:00Z
13.25364839717058,52.46556955910007,2013-09-26T07:31:00Z
13.253681531660716,52.46559550311558,2013-09-26T10:31:00Z
13.25369085021707,52.46555096215112,2013-09-26T13:31:00Z
13.253045594334042,52.464229058396285,2013-09-26T16:31:00Z
13.255411082802302,52.46388887426443,2013-09-26T19:31:00Z
13.255748753651117,52.46385103140139,2013-09-26T22:31:00Z
13.25439482987716,52.46041954052182,2013-09-27T01:31:00Z
13.258715064839054,52.46265501343232,2013-09-27T04:31:00Z
13.257571276847624,52.46379109198489,2013-09-27T07:31:00Z
13.25975728913409,52.46372128768491,2013-09-27T10:31:00Z
13.259230697063837,52.46403775024572,2013-09-27T13:31:00Z
13.258232718044079,52.4646801606563,2013-09-27T16:31:00Z
13.255242018699652,52.4639827609863,2013-09-27T19:31:00Z
13.255325457187018,52.46416011413301,2013-09-27T22:31:00Z
13.26067579232514,52.46072219865695,2013-09-28T01:31:00Z
13.255833298610485,52.46440455963852,2013-09-28T04:31:00Z
13.253661977863414,52.46548612492789,2013-09-28T07:31:00Z
13.253597868536513,52.4653972405132,2013-09-28T10:31:00Z
13.2535973214522,52.46537450021193,2013-09-28T13:31:00Z
13.25307256968831,52.4628368261295,2013-09-28T16:31:00Z
13.253990671358828,52.45803243055652,2013-09-28T19:31:00Z
13.257934218601255,52.45679987250108,2013-09-28T22:31:00Z
13.25838729854805,52.46175233255936,2013-09-29T01:31:00Z
13.253521897960834,52.465397855610114,2013-09-29T04:31:00Z
13.253551561677485,52.46564775230303,2013-09-29T07:31:00Z
13.253522800010703,52.46538507086719,2013-09-29T10:31:00Z
13.253587005420352,52.46521657190191,2013-09-29T13:31:00Z
13.251617198164757,52.464849207971874,2013-09-29T16:31:00Z
13.25354792091602,52.46529393855215,2013-09-29T19:31:00Z
13.254772158559467,52.464620667102544,2013-09-29T22:31:00Z
13.25738727654292,52.46445450501928,2013-09-30T01:31:00Z
13.256667673570739,52.46516085482273,2013-09-30T04:31:00Z
13.256704898921917,52.46499506011293,2013-09-30T07:31:00Z
13.2566828785458,52.46506575787693,2013-09-30T10:31:00Z
13.256695051092597,52.46508264200632,2013-09-30T13:31:00Z
13.259019624911415,52.46484656268503,2013-09-30T16:31:00Z
13.262754887028793,52.46521320180797,2013-09-30T19:31:00Z
13.263323003574593,52.463873657133824,2013-09-30T22:31:00Z
13.264094354212663,52.4647594113594,2013-10-01T01:31:00Z
13.253959750757762,52.465502173906565,2013-10-01T04:31:00Z
13.253575011134705,52.46548728541969,2013-10-01T07:31:00Z
13.253458491303507,52.46535962684264,2013-10-01T10:31:00Z
13.25352224796149,52.4654312274046,2013-10-01T13:31:00Z
13.252522673877623,52.46411756340611,2013-10-01T16:31:00Z
13.257252098063903,52.463058346791854,2013-10-01T19:31:00Z
13.255257018025945,52.46400723850689,2013-10-01T22:31:00Z
13.254910752081422,52.46468747192756,2013-10-02T01:31:00Z
13.253131300098786,52.46549125754048,2013-10-02T04:31:00Z
13.253520093442047,52.4653930787783,2013-10-02T07:31:00Z
13.253367232975785,52.46527434107277,2013-10-02T10:31:00Z
13.253593846145465,52.465406555520296,2013-10-02T13:31:00Z
13.253485411991518,52.46423430274965,2013-10-02T16:31:00Z
13.259665297275266,52.46129835060408,2013-10-02T19:31:00Z
13.262235453420054,52.460047438326896,2013-10-02T22:31:00Z
13.270273207150908,52.46046710604904,2013-10-03T01:31:00Z
13.259210869616627,52.464167963128844,2013-10-03T04:31:00Z
13.259239714460593,52.464129664432,2013-10-03T07:31:00Z
13.259306222265264,52.4640972318471,2013-10-03T10:31:00Z
13.260345620840061,52.46370199832489,2013-10-03T13:31:00Z
13.26115167072237,52.463680484244904,2013-10-03T16:31:00Z
13.263057551963467,52.46431260791617,2013-10-03T19:31:00Z
13.269016144426484,52.46468789674106,2013-10-03T22:31:00Z
13.27145213636951,52.46643815113306,2013-10-04T01:31:00Z
13.259294552422055,52.46415671120187,2013-10-04T04:31:00Z
13.260035595345796,52.46385793223932,2013-10-04T07:31:00Z
13.259918786542242,52.46366476486358,2013-10-04T10:31:00Z
13.259916519028103,52.46378567583334,2013-10-04T13:31:00Z
13.262641006716304,52.46169561407259,2013-10-04T16:31:00Z
13.273209578833752,52.461557096086146,2013-10-04T19:31:00Z
13.270666814887857,52.46669743963059,2013-10-04T22:31:00Z
13.272767118030323,52.46644731013507,2013-10-05T01:31:00Z
13.25987866992069,52.46400482116497,2013-10-05T04:31:00Z
13.259916772874469,52.4638384903336,2013-10-05T07:31:00Z
13.25991857599986,52.46378188771396,2013-10-05T10:31:00Z
13.2598966,52.46375529631033,2013-10-05T13:31:00Z
13.260633657041325,52.46440597991349,2013-10-05T16:31:00Z
13.255694733764782,52.45975545710757,2013-10-05T19:31:00Z
13.26171354942186,52.462961432627125,2013-10-05T22:31:00Z
13.26226607373789,52.45996389767587,2013-10-06T01:31:00Z
13.253718379666187,52.46547940434776,2013-10-06T04:31:00Z
13.253556620215194,52.465348585637244,2013-10-06T07:31:00Z
13.253627197735643,52.46524997335644,2013-10-06T10:31:00Z
13.25358085275803,52.46537646288048,2013-10-06T13:31:00Z
13.253617487281472,52.4654356505806,2013-10-06T16:31:00Z
13.255551553909207,52.463356630751406,2013-10-06T19:31:00Z
13.253776366551413,52.45851286901015,2013-10-06T22:31:00Z
13.255646671246566,52.460372914398725,2013-10-07T01:31:00Z
13.259946744441425,52.46384351567218,2013-10-07T04:31:00Z
13.259901756452406,52.46389311699852,2013-10-07T07:31:00Z
13.25983173785643,52.46376230888094,2013-10-07T10:31:00Z
13.259897848526295,52.46373565791205,2013-10-07T13:31:00Z
13.260983509333622,52.46398744603468,2013-10-07T16:31:00Z
13.257238341617926,52.465121199095044,2013-10-07T19:31:00Z
13.256367507609744,52.46510296856567,2013-10-07T22:31:00Z
13.255989897730515,52.46505252694688,2013-10-08T01:31:00Z
13.252951020999017,52.46399858294836,2013-10-08T04:31:00Z
13.25387776307389,52.4655207554733,2013-10-08T07:31:00Z
13.253815861164616,52.4653423930765,2013-10-08T10:31:00Z
13.253779504572691,52.465306196624866,2013-10-08T13:31:00Z
13.253804372094098,52.46425963585834,2013-10-08T16:31:00Z
13.259260977294744,52.45885938501881,2013-10-08T19:31:00Z
13.258862900281336,52.46094136597127,2013-10-08T22:31:00Z
13.268491455857683,52.45874138287618,2013-10-09T01:31:00Z
13.259960323169123,52.46365257139229,2013-10-09T04:31:00Z
13.259927959876105,52.46360705346381,2013-10-09T07:31:00Z
13.260120764837158,52.46353787751758,2013-10-09T10:31:00Z
13.259954232116439,52.46374381250601,2013-10-09T13:31:00Z
13.262091781799132,52.46201183493066,2013-10-09T16:31:00Z
13.26782017412658,52.45900904835161,2013-10-09T19:31:00Z
13.268467026459966,52.459716152681736,2013-10-09T22:31:00Z
13.273587985540063,52.460799194838835,2013-10-10T01:31:00Z
13.259783490910506,52.46375512442446,2013-10-10T04:31:00Z
13.259830499119301,52.463692284589115,2013-10-10T07:31:00Z
13.26004936889845,52.46383454501981,2013-10-10T10:31:00Z
13.259780201839419,52.46367541585474,2013-10-10T13:31:00Z
13.261939628158517,52.46215921494861,2013-10-10T16:31:00Z
13.26747270585845,52.46103095316385,2013-10-10T19:31:00Z
13.270314024210114,52.46205615708114,2013-10-10T22:31:00Z
13.27194009445884,52.46153767056123,2013-10-11T01:31:00Z
13.25995574408942,52.463668103199986,2013-10-11T04:31:00Z
13.259980475257407,52.46359013058608,2013-10-11T07:31:00Z
13.25998908131504,52.46378235269476,2013-10-11T10:31:00Z
13.259973581755382,52.46379560378434,2013-10-11T13:31:00Z
13.260760319859461,52.46433431720655,2013-10-11T16:31:00Z
13.264475585787757,52.46509347137653,2013-10-11T19:31:00Z
13.26384547023155,52.46770230386646,2013-10-11T22:31:00Z
13.264309367068275,52.467034129764855,2013-10-12T01:31:00Z
13.259750595577552,52.46367789138157,2013-10-12T04:31:00Z
13.260021905756572,52.46358184085946,2013-10-12T07:31:00Z
13.2600987,52.463769514315366,2013-10-12T10:31:00Z
13.260044194887504,52.46384733984163,2013-10-12T13:31:00Z
13.26227851379721,52.46374344843594,2013-10-12T16:31:00Z
13.271510964759425,52.466634906168515,2013-10-12T19:31:00Z
13.26619265969347,52.470651171991626,2013-10-12T22:31:00Z
13.264520136375204,52.46554311379106,2013-10-13T01:31:00Z
13.263761205089418,52.46502418683934,2013-10-13T04:31:00Z
13.259973752145838,52.463610077499375,2013-10-13T07:31:00Z
13.25996849761938,52.46368422622093,2013-10-13T10:31:00Z
13.26000513365297,52.46366445494995,2013-10-13T13:31:00Z
13.257947744275635,52.46465506936231,2013-10-13T16:31:00Z
13.257124467626276,52.4650256122245,2013-10-13T19:31:00Z
13.254835330635407,52.464303791732014,2013-10-13T22:31:00Z
13.254422871463449,52.463636355115646,2013-10-14T01:31:00Z
13.253625017586268,52.46374043434221,2013-10-14T04:31:00Z
13.252975204455977,52.46531634516001,2013-10-14T07:31:00Z
13.253831209520655,52.46526954197201,2013-10-14T10:31:00Z
13.253805916708053,52.465356208562575,2013-10-14T13:31:00Z
13.263287917559582,52.46184984070736,2013-10-14T16:31:00Z
13.270504355355873,52.46038219484367,2013-10-14T19:31:00Z
13.271400826886033,52.45970726807318,2013-10-14T22:31:00Z
13.268990166092195,52.464346636375886,2013-10-15T01:31:00Z
13.259685332733316,52.463685635555,2013-10-15T04:31:00Z
13.260108282376397,52.463720723654276,2013-10-15T07:31:00Z
13.259959822552123,52.46381580032013,2013-10-15T10:31:00Z
13.260152127640664,52.46351896857258,2013-10-15T13:31:00Z
13.261773812769334,52.46288795744582,2013-10-15T16:31:00Z
13.26557615673201,52.462378161039986,2013-10-15T19:31:00Z
13.267838143424648,52.4611116507749,2013-10-15T22:31:00Z
13.258683996993996,52.46146586921791,2013-10-16T01:31:00Z
13.257869865297618,52.46330968991875,2013-10-16T04:31:00Z
13.25911811850954,52.46394707915474,2013-10-16T07:31:00Z
13.259143515381854,52.46402696565306,2013-10-16T10:31:00Z
13.259153797121575,52.46409929731454,2013-10-16T13:31:00Z
13.262279691386937,52.463578701288135,2013-10-16T16:31:00Z
13.262173730764996,52.461987416033686,2013-10-16T19:31:00Z
13.262482671644038,52.46206549487813,2013-10-16T22:31:00Z
13.263227846457477,52.46104329604474,2013-10-17T01:31:00Z
13.25992555862162,52.46372996819458,2013-10-17T04:31:00Z
13.259957774501782,52.46383878982767,2013-10-17T07:31:00Z
13.260114161607264,52.46392383131352,2013-10-17T10:31:00Z
13.260134280056187,52.463905630138854,2013-10-17T13:31:00Z
13.262349305821795,52.459290484644235,2013-10-17T16:31:00Z
13.268513264472084,52.46130573777448,2013-10-17T19:31:00Z
13.264288180030281,52.46238789860679,2013-10-17T22:31:00Z
13.260920908067387,52.464279513013,2013-10-18T01:31:00Z
13.259208426515606,52.46414550361765,2013-10-18T04:31:00Z
13.259191201129648,52.464066354274685,2013-10-18T07:31:00Z
13.259201090900127,52.46407756133813,2013-10-18T10:31:00Z
13.259211423979698,52.464054653916534,2013-10-18T13:31:00Z
13.260502201225112,52.46427224073711,2013-10-18T16:31:00Z
13.25913724720277,52.46534293286534,2013-10-18T19:31:00Z
13.257599103604406,52.464868364181996,2013-10-18T22:31:00Z
13.257202354732827,52.46512163241008,2013-10-19T01:31:00Z
13.253620349477163,52.462212425807365,2013-10-19T04:31:00Z
13.246864674223964,52.465495902917574,2013-10-19T07:31:00Z
13.244717505270728,52.45925287428608,2013-10-19T10:31:00Z
13.244870383736677,52.45922143052983,2013-10-19T13:31:00Z
13.25525771529577,52.45613201316704,2013-10-19T16:31:00Z
13.259336511777805,52.45917077843787,2013-10-19T19:31:00Z
13.263029282092113,52.46105230698028,2013-10-19T22:31:00Z
13.263164519606532,52.461199045757425,2013-10-20T01:31:00Z
13.25914937997975,52.46408748716438,2013-10-20T04:31:00Z
13.259159874762274,52.463928071100824,2013-10-20T07:31:00Z
13.259274566178435,52.46400362254551,2013-10-20T10:31:00Z
13.259204957483105,52.464071700860124,2013-10-20T13:31:00Z
13.260133877076646,52.464699601235495,2013-10-20T16:31:00Z
13.260257571286765,52.464895214895016,2013-10-20T19:31:00Z
13.260419033599591,52.464883343551584,2013-10-20T22:31:00Z
13.26233806383445,52.46358849787886,2013-10-21T01:31:00Z
13.258185060868724,52.46423680437032,2013-10-21T04:31:00Z
13.259176781941111,52.4640318496824,2013-10-21T07:31:00Z
13.25927909617191,52.463983817172036,2013-10-21T10:31:00Z
13.25914777340934,52.4640665549815,2013-10-21T13:31:00Z
13.256161933104412,52.463512925872195,2013-10-21T16:31:00Z
13.255012125358311,52.46345024278838,2013-10-21T19:31:00Z
13.257654846094606,52.45722470941067,2013-10-21T22:31:00Z
13.259253802629226,52.459323444438766,2013-10-22T01:31:00Z
13.261399692770201,52.46158144976036,2013-10-22T04:31:00Z
13.260593377646464,52.46266802105443,2013-10-22T07:31:00Z
13.260889647930611,52.462547315378934,2013-10-22T10:31:00Z
13.260990768768727,52.46264970880721,2013-10-22T13:31:00Z
13.259736452135918,52.462931482025645,2013-10-22T16:31:00Z
13.257719965324117,52.461400667558244,2013-10-22T19:31:00Z
13.25807106753124,52.46106525976077,2013-10-22T22:31:00Z
13.255139820513369,52.46204179194732,2013-10-23T01:31:00Z
13.256618929919608,52.46511418552272,2013-10-23T04:31:00Z
13.256686627266186,52.46511069761955,2013-10-23T07:31:00Z
13.256738179357521,52.46505854843802,2013-10-23T10:31:00Z
13.256549743781793,52.46529110185023,2013-10-23T13:31:00Z
13.259367591203661,52.46571223771743,2013-10-23T16:31:00Z
13.265754416107992,52.46050853737338,2013-10-23T19:31:00Z
13.266017959052157,52.46055132866388,2013-10-23T22:31:00Z
13.269058835809826,52.459825686041974,2013-10-24T01:31:00Z
13.25912228810418,52.46408297934406,2013-10-24T04:31:00Z
13.259320452981878,52.463904323461854,2013-10-24T07:31:00Z
13.260100087670384,52.463921487398416,2013-10-24T10:31:00Z
13.260102121461538,52.46392921948688,2013-10-24T13:31:00Z
13.262025601348428,52.462381505218865,2013-10-24T16:31:00Z
13.264280048325753,52.45793223064571,2013-10-24T19:31:00Z
13.266926841318112,52.458787674963574,2013-10-24T22:31:00Z
13.264413645007307,52.46049803760094,2013-10-25T01:31:00Z
13.2589275952091,52.46454796306601,2013-10-25T04:31:00Z
13.258930400240132,52.46440281775243,2013-10-25T07:31:00Z
13.258976479580298,52.46445567439943,2013-10-25T10:31:00Z
13.258972854048341,52.46445079856701,2013-10-25T13:31:00Z
13.258474919467083,52.46430012234784,2013-10-25T16:31:00Z
13.25230625944861,52.457460443251755,2013-10-25T19:31:00Z
13.256802706158101,52.45528312009688,2013-10-25T22:31:00Z
13.258129704534522,52.463293498652554,2013-10-26T01:31:00Z
13.258991201229845,52.46445614248947,2013-10-26T04:31:00Z
13.258770058040211,52.464556304751305,2013-10-26T07:31:00Z
13.2589432,52.4644194,2013-10-26T10:31:00Z
13.258974712185381,52.46439562332389,2013-10-26T13:31:00Z
13.266669799877684,52.46281450449574,2013-10-26T16:31:00Z
13.267002420754789,52.46603875478367,2013-10-26T19:31:00Z
13.272770411083847,52.46674899573347,2013-10-26T22:31:00Z
13.265802878365161,52.465802175377554,2013-10-27T01:31:00Z
13.261310049475297,52.4654158658791,2013-10-27T04:31:00Z
13.261253267232528,52.46532761801982,2013-10-27T07:31:00Z
13.26130787257559,52.4653887921764,2013-10-27T10:31:00Z
13.261207502145318,52.46554686104595,2013-10-27T13:31:00Z
13.261859469014404,52.465633113034656,2013-10-27T16:31:00Z
13.2660363993665,52.467130884058754,2013-10-27T19:31:00Z
13.272451879757382,52.46464247587434,2013-10-27T22:31:00Z
13.26936138829118,52.46156246890366,2013-10-28T01:31:00Z
13.25889301050388,52.464402739668195,2013-10-28T04:31:00Z
13.258978771463104,52.46440141346925,2013-10-28T07:31:00Z
13.258878001950372,52.46435895727503,2013-10-28T10:31:00Z
13.258802848246013,52.464370831857295,2013-10-28T13:31:00Z
13.255610540736232,52.46294633519672,2013-10-28T16:31:00Z
13.252777489771272,52.45865504796005,2013-10-28T19:31:00Z
13.25188564088655,52.45866794602405,2013-10-28T22:31:00Z
13.25524836549271,52.45594604220678,2013-10-29T01:31:00Z
13.259013071729498,52.46444118475839,2013-10-29T04:31:00Z
13.25909039434005,52.46450785919049,2013-10-29T07:31:00Z
13.258899006321801,52.46438917308487,2013-10-29T10:31:00Z
13.259183417759418,52.464401452075165,2013-10-29T13:31:00Z
13.260748195810006,52.464252702958674,2013-10-29T16:31:00Z
13.262097375821165,52.464787097210525,2013-10-29T19:31:00Z
13.26057309793848,52.46488216538642,2013-10-29T22:31:00Z
13.258421676739498,52.46534358500487,2013-10-30T01:31:00Z
13.25660437670314,52.46517452827375,2013-10-30T04:31:00Z
13.256656004516422,52.46513996240893,2013-10-30T07:31:00Z
13.256753807353858,52.46506721949514,2013-10-30T10:31:00Z
13.256606901790702,52.46507705045895,2013-10-30T13:31:00Z
13.25784422512627,52.46482421122047,2013-10-30T16:31:00Z
13.257338408503866,52.46121086525544,2013-10-30T19:31:00Z
13.257672489176167,52.459393277489674,2013-10-30T22:31:00Z
13.258052382710442,52.461462669964604,2013-10-31T01:31:00Z
13.26103918799894,52.46146575820763,2013-10-31T04:31:00Z
13.259684553853502,52.46383362334038,2013-10-31T07:31:00Z
13.259674845221404,52.463843007606926,2013-10-31T10:31:00Z
13.259571364719996,52.46399532492252,2013-10-31T13:31:00Z
13.257781550601925,52.462982495585365,2013-10-31T16:31:00Z
13.25542154984547,52.46386581430173,2013-10-31T19:31:00Z
13.255253686385384,52.46441061985392,2013-10-31T22:31:00Z
13.251636678471064,52.45818862979378,2013-11-01T01:31:00Z
13.256702945112101,52.465214538652596,2013-11-01T04:31:00Z
13.25659135282346,52.46509065178607,2013-11-01T07:31:00Z
13.26007243235172,52.46394104506954,2013-11-01T10:31:00Z
13.260232181145165,52.46391904516204,2013-11-01T13:31:00Z
13.25515850439461,52.46309277451278,2013-11-01T16:31:00Z
13.256413380729013,52.462489453195836,2013-11-01T19:31:00Z
13.25601928684216,52.461584170400826,2013-11-01T22:31:00Z
13.25528608060933,52.45957090166724,2013-11-02T01:31:00Z
13.260213926388413,52.46386173104024,2013-11-02T04:31:00Z
13.260251922941016,52.463970879948064,2013-11-02T07:31:00Z
13.260213026041784,52.46407632776787,2013-11-02T10:31:00Z
13.260078760587692,52.46393483157628,2013-11-02T13:31:00Z
13.260192655414023,52.46400786405157,2013-11-02T16:31:00Z
13.265391263180575,52.46515296486364,2013-11-02T19:31:00Z
13.26540343204671,52.46550971010604,2013-11-02T22:31:00Z
13.260364065323138,52.46642294541426,2013-11-03T01:31:00Z
13.260882976191281,52.46602261140417,2013-11-03T04:31:00Z
13.260234110578036,52.46392893211287,2013-11-03T07:31:00Z
13.259972510016413,52.463973095482864,2013-11-03T10:31:00Z
13.260053867250761,52.46383236960263,2013-11-03T13:31:00Z
13.26303932932484,52.46033683980658,2013-11-03T16:31:00Z
13.265918073871227,52.45907390992175,2013-11-03T19:31:00Z
13.26856541384391,52.46005145718331,2013-11-03T22:31:00Z
13.268349613910024,52.46006605526185,2013-11-04T01:31:00Z
13.259919308252563,52.463941909206994,2013-11-04T04:31:00Z
13.260266970230559,52.463937331808886,2013-11-04T07:31:00Z
13.26012655783327,52.46398651425462,2013-11-04T10:31:00Z
13.2601677235831,52.46390001083447,2013-11-04T13:31:00Z
13.263223134355503,52.46129113091408,2013-11-04T16:31:00Z
13.27456711542812,52.46474562590905,2013-11-04T19:31:00Z
13.263247552199983,52.46644658234308,2013-11-04T22:31:00Z
13.263071975425378,52.46650524840115,2013-11-05T01:31:00Z
13.26027542826024,52.463646879766564,2013-11-05T04:31:00Z
13.260230632308291,52.46384843847697,2013-11-05T07:31:00Z
13.260303057491443,52.46375748766381,2013-11-05T10:31:00Z
13.260145108127515,52.46387387860338,2013-11-05T13:31:00Z
13.255159711377926,52.465112538594,2013-11-05T16:31:00Z
13.25553949604709,52.46481506791297,2013-11-05T19:31:00Z
13.25528647336387,52.4636592743576,2013-11-05T22:31:00Z
13.256525505981573,52.46055385851335,2013-11-06T01:31:00Z
13.26026985913711,52.463944693064605,2013-11-06T04:31:00Z
13.260150825519158,52.46391093904609,2013-11-06T07:31:00Z
13.259327569343183,52.46388765413503,2013-11-06T10:31:00Z
13.259264050646568,52.46413107817437,2013-11-06T13:31:00Z
13.261641476029919,52.46284120139976,2013-11-06T16:31:00Z
13.262130411835114,52.4640446391298,2013-11-06T19:31:00Z
13.262572846352656,52.463691427411476,2013-11-06T22:31:00Z
13.26194721091443,52.46016231034341,2013-11-07T01:31:00Z
13.25808691325171,52.464184159475415,2013-11-07T04:31:00Z
13.258147111215012,52.46419840190001,2013-11-07T07:31:00Z
13.258406892393777,52.464189559725625,2013-11-07T10:31:00Z
13.258197858003173,52.46405974316344,2013-11-07T13:31:00Z
13.255243058537756,52.4642016589239,2013-11-07T16:31:00Z
13.252348502222343,52.46284934704938,2013-11-07T19:31:00Z
13.252667642688703,52.46526169462412,2013-11-07T22:31:00Z
13.254488658203925,52.46575569272655,2013-11-08T01:31:00Z
13.254288335474772,52.46227886094962,2013-11-08T04:31:00Z
13.258252916199192,52.46428330673135,2013-11-08T07:31:00Z
13.258452205998339,52.464051410849905,2013-11-08T10:31:00Z
13.258269195907202,52.464130209102436,2013-11-08T13:31:00Z
13.252611021379655,52.46190452672888,2013-11-08T16:31:00Z
13.254031030988342,52.4647420797466,2013-11-08T19:31:00Z
13.254057455953125,52.464538364231494,2013-11-08T22:31:00Z
13.261182910809092,52.456369711227154,2013-11-09T01:31:00Z
13.258804733111777,52.46114350567872,2013-11-09T04:31:00Z
13.25679092258868,52.46503431491626,2013-11-09T07:31:00Z
13.25680367651703,52.46512692233479,2013-11-09T10:31:00Z
13.256759710321889,52.46511687293943,2013-11-09T13:31:00Z
13.25937970036859,52.463457119645106,2013-11-09T16:31:00Z
13.258974100414294,52.46344803917286,2013-11-09T19:31:00Z
13.257714405027933,52.46301431549556,2013-11-09T22:31:00Z
13.259020245410833,52.46209620796455,2013-11-10T01:31:00Z
13.25877447787674,52.464645621392464,2013-11-10T04:31:00Z
13.256717865893433,52.465063301579335,2013-11-10T07:31:00Z
13.256562191368655,52.46505779816167,2013-11-10T10:31:00Z
13.25667626134535,52.46510525204431,2013-11-10T13:31:00Z
13.26187042739609,52.464102306578525,2013-11-10T16:31:00Z
13.264401548964598,52.46097146939934,2013-11-10T19:31:00Z
13.264395094005582,52.460942217736374,2013-11-10T22:31:00Z
13.25693278931407,52.46416627398925,2013-11-11T01:31:00Z
13.258832241707845,52.4658064432081,2013-11-11T04:31:00Z
13.258219288049453,52.46430006849143,2013-11-11T07:31:00Z
13.257708978500032,52.46441240753328,2013-11-11T10:31:00Z
13.258702398989712,52.464217992200574,2013-11-11T13:31:00Z
13.256452915655798,52.46308615330755,2013-11-11T16:31:00Z
13.255025915373068,52.45996575683836,2013-11-11T19:31:00Z
13.255045964022564,52.460004980423406,2013-11-11T22:31:00Z
13.254133781180618,52.45830033096414,2013-11-12T01:31:00Z
13.255684452914858,52.46388456493066,2013-11-12T04:31:00Z
13.259348729471263,52.46424703621044,2013-11-12T07:31:00Z
13.259089180032356,52.46409094853872,2013-11-12T10:31:00Z
13.25951051342611,52.463970751583624,2013-11-12T13:31:00Z
13.262505340925133,52.45934681835397,2013-11-12T16:31:00Z
13.264446989001717,52.45848415522227,2013-11-12T19:31:00Z
13.26307311215529,52.459280026066146,2013-11-12T22:31:00Z
13.261646676494667,52.45963949282128,2013-11-13T01:31:00Z
13.25358276618944,52.463420448764666,2013-11-13T04:31:00Z
13.248663457758362,52.465719131779586,2013-11-13T07:31:00Z
13.248937668049775,52.46571847996501,2013-11-13T10:31:00Z
13.248800382024122,52.4658951023856,2013-11-13T13:31:00Z
13.25244933017988,52.464132503941805,2013-11-13T16:31:00Z
13.259131855426158,52.46004713882244,2013-11-13T19:31:00Z
13.260191865280031,52.461083371165735,2013-11-13T22:31:00Z
13.260273352105246,52.46095431267393,2013-11-14T01:31:00Z
13.258969631199943,52.46285407435919,2013-11-14T04:31:00Z
13.25926198063043,52.46415134978974,2013-11-14T07:31:00Z
13.259056171424517,52.46406660518731,2013-11-14T10:31:00Z
13.259182653392713,52.46409761074851,2013-11-14T13:31:00Z
13.261869801422623,52.464947531467715,2013-11-14T16:31:00Z
13.255563594246087,52.46305375192909,2013-11-14T19:31:00Z
13.255371198696212,52.46302520169678,2013-11-14T22:31:00Z
13.255450524028953,52.46449296815681,2013-11-15T01:31:00Z
13.249398550524756,52.46495496734958,2013-11-15T04:31:00Z
13.246042515701555,52.459069017099374,2013-11-15T07:31:00Z
13.253940857699563,52.46407660646409,2013-11-15T10:31:00Z
13.254351715623171,52.46403847936276,2013-11-15T13:31:00Z
13.253565149473385,52.46400659092626,2013-11-15T16:31:00Z
13.256676334291027,52.45697584525181,2013-11-15T19:31:00Z
13.257088521660181,52.46120741272064,2013-11-15T22:31:00Z
13.255505163432233,52.46279278088454,2013-11-16T01:31:00Z
13.2554714892602,52.462946471324855,2013-11-16T04:31:00Z
13.256521654089354,52.46364989466676,2013-11-16T07:31:00Z
13.256458643845074,52.46378486315113,2013-11-16T10:31:00Z
13.256469484609429,52.46380642928188,2013-11-16T13:31:00Z
13.258167318845036,52.461041861199014,2013-11-16T16:31:00Z
13.255162509108382,52.461885761594296,2013-11-16T19:31:00Z
13.254335705273895,52.462280926115,2013-11-16T22:31:00Z
13.25468736229109,52.46189515935975,2013-11-17T01:31:00Z
13.256413279086154,52.464486326690356,2013-11-17T04:31:00Z
13.2591638,52.46407910486168,2013-11-17T07:31:00Z
13.259051012215515,52.464028378046855,2013-11-17T10:31:00Z
13.25999402850705,52.46388658526665,2013-11-17T13:31:00Z
13.270893377525502,52.46072036394843,2013-11-17T16:31:00Z
13.274477481385548,52.46426438572924,2013-11-17T19:31:00Z
13.262441218773755,52.46048917008486,2013-11-17T22:31:00Z
13.262638043588854,52.46029824412682,2013-11-18T01:31:00Z
13.262180394174788,52.460189149512395,2013-11-18T04:31:00Z
13.259880398239373,52.46399151983074,2013-11-18T07:31:00Z
13.25996932206806,52.46408665388541,2013-11-18T10:31:00Z
13.257198792060525,52.46385208791217,2013-11-18T13:31:00Z
13.255490955273011,52.457094086420206,2013-11-18T16:31:00Z
13.262615027437933,52.46259801790545,2013-11-18T19:31:00Z
13.259360936113824,52.45926702802989,2013-11-18T22:31:00Z
13.258997643748556,52.46206825800265,2013-11-19T01:31:00Z
13.256361155697082,52.463575715686616,2013-11-19T04:31:00Z
13.25643431570103,52.4638589846658,2013-11-19T07:31:00Z
13.256224557244431,52.46387281598039,2013-11-19T10:31:00Z
13.256440404959362,52.46376511209402,2013-11-19T13:31:00Z
13.255145041352556,52.46450214058747,2013-11-19T16:31:00Z
13.250892139178376,52.4545658330298,2013-11-19T19:31:00Z
13.254642275346134,52.46167191717664,2013-11-19T22:31:00Z
13.256644670647443,52.46258654166594,2013-11-20T01:31:00Z
13.256579315057456,52.46374977629968,2013-11-20T04:31:00Z
13.256418939626151,52.46373059200491,2013-11-20T07:31:00Z
13.256505096273637,52.46376839981268,2013-11-20T10:31:00Z
13.256429898765258,52.46379866725859,2013-11-20T13:31:00Z
13.259940390952012,52.46205878897171,2013-11-20T16:31:00Z
13.254329814021974,52.4607014119617,2013-11-20T19:31:00Z
13.254310634956221,52.46305995379376,2013-11-20T22:31:00Z
13.255459923995746,52.46320159703545,2013-11-21T01:31:00Z
13.255498661180805,52.46292472759975,2013-11-21T04:31:00Z
13.256513680613622,52.4637933220496,2013-11-21T07:31:00Z
13.256391740057817,52.46376983520126,2013-11-21T10:31:00Z
13.256469725606532,52.46375924787788,2013-11-21T13:31:00Z
13.257218736901091,52.46418816948085,2013-11-21T16:31:00Z
13.257832277426656,52.46268460418689,2013-11-21T19:31:00Z
13.258971715373807,52.462021092319034,2013-11-21T22:31:00Z
13.258039952368843,52.46437980452764,2013-11-22T01:31:00Z
13.257726501114698,52.464402049938236,2013-11-22T04:31:00Z
13.257510842143036,52.464403443864455,2013-11-22T07:31:00Z
13.256771978180172,52.46448452139501,2013-11-22T10:31:00Z
13.261398182695773,52.46312734825959,2013-11-22T13:31:00Z
13.263527187397687,52.4659763226447,2013-11-22T16:31:00Z
13.273005573979187,52.462633600329234,2013-11-22T19:31:00Z
13.265781210703475,52.46434417647299,2013-11-22T22:31:00Z
13.264532762126592,52.46419449286852,2013-11-23T01:31:00Z
13.265150935346286,52.46481547053612,2013-11-23T04:31:00Z
13.259159265281916,52.46398530940958,2013-11-23T07:31:00Z
13.259157736525593,52.46398967733046,2013-11-23T10:31:00Z
13.25922976335025,52.46404228036098,2013-11-23T13:31:00Z
13.251888408790135,52.45860650004094,2013-11-23T16:31:00Z
13.252489290292766,52.458995557243426,2013-11-23T19:31:00Z
13.25382278633581,52.463442633520764,2013-11-23T22:31:00Z
13.256086196659103,52.461042587120524,2013-11-24T01:31:00Z
13.255591672991262,52.462026155758956,2013-11-24T04:31:00Z
13.256345620102682,52.463696590323,2013-11-24T07:31:00Z
13.256584501868025,52.46382505781472,2013-11-24T10:31:00Z
13.253008827360842,52.46535609466687,2013-11-24T13:31:00Z
13.258846158460713,52.463044845827696,2013-11-24T16:31:00Z
13.25865805633236,52.46312989713016,2013-11-24T19:31:00Z
13.255423993596512,52.46495430327058,2013-11-24T22:31:00Z
13.249432325309236,52.46526989825246,2013-11-25T01:31:00Z
13.251812503111527,52.460370202090076,2013-11-25T04:31:00Z
13.253600475985175,52.46219429323215,2013-11-25T07:31:00Z
13.25363977973378,52.46221930548817,2013-11-25T10:31:00Z
13.253698643612763,52.46248516494822,2013-11-25T13:31:00Z
13.251762661550025,52.45860029980529,2013-11-25T16:31:00Z
13.25180614172109,52.458780917444656,2013-11-25T19:31:00Z
13.252233808198008,52.45873570786538,2013-11-25T22:31:00Z
13.251806130962363,52.458715064290764,2013-11-26T01:31:00Z
13.251764462672211,52.45835804609687,2013-11-26T04:31:00Z
13.251197863323538,52.460804872031844,2013-11-26T07:31:00Z
13.251161605859535,52.46082027454366,2013-11-26T10:31:00Z
13.251189050885802,52.460875981372546,2013-11-26T13:31:00Z
13.251590180392313,52.460772135071785,2013-11-26T16:31:00Z
13.251831344791789,52.46038955380278,2013-11-26T19:31:00Z
13.251574840185226,52.45874094723511,2013-11-26T22:31:00Z
13.25151235902117,52.46049085049738,2013-11-27T01:31:00Z
13.25170454655123,52.46043468542246,2013-11-27T04:31:00Z
13.257349725413526,52.4644063376135,2013-11-27T07:31:00Z
13.257379736737574,52.46440411552027,2013-11-27T10:31:00Z
13.257295889135928,52.464392054615814,2013-11-27T13:31:00Z
13.254745906423794,52.461406132635396,2013-11-27T16:31:00Z
13.254358133604425,52.45925079104147,2013-11-27T19:31:00Z
13.254359238900454,52.46047845169189,2013-11-27T22:31:00Z
13.255398285005187,52.46098245399786,2013-11-28T01:31:00Z
13.260945193622728,52.46225057144056,2013-11-28T04:31:00Z
13.257435979916252,52.46443099337357,2013-11-28T07:31:00Z
13.257426218307165,52.46441674772909,2013-11-28T10:31:00Z
13.260015000519136,52.463884082449574,2013-11-28T13:31:00Z
13.26319789354992,52.460274116181004,2013-11-28T16:31:00Z
13.263264941941001,52.46070528905616,2013-11-28T19:31:00Z
13.262144651214339,52.45983873678816,2013-11-28T22:31:00Z
13.262456848806263,52.462063042917585,2013-11-29T01:31:00Z
13.26228997156663,52.46211047423227,2013-11-29T04:31:00Z
13.259165538963154,52.46403328418357,2013-11-29T07:31:00Z
13.25914936103247,52.46408825709267,2013-11-29T10:31:00Z
13.259073031596781,52.46407323748652,2013-11-29T13:31:00Z
13.255321818515178,52.45651978981134,2013-11-29T16:31:00Z
13.253395883261744,52.457025075647465,2013-11-29T19:31:00Z
13.254194840157068,52.4586800290623,2013-11-29T22:31:00Z
13.251770722294685,52.45870245415233,2013-11-30T01:31:00Z
13.251788047919211,52.45841237280256,2013-11-30T04:31:00Z
13.251944052811922,52.45866085840283,2013-11-30T07:31:00Z
13.252070494851413,52.459772370800415,2013-11-30T10:31:00Z
13.252097250648903,52.45975793162218,2013-11-30T13:31:00Z
13.252198187435175,52.45716341467581,2013-11-30T16:31:00Z
13.257067622912944,52.46125720937555,2013-11-30T19:31:00Z
13.261547200735594,52.46126222500957,2013-11-30T22:31:00Z
13.261482225088319,52.46122785801492,2013-12-01T01:31:00Z
13.261447286120818,52.4612396939455,2013-12-01T04:31:00Z
13.259216191448118,52.463976198398974,2013-12-01T07:31:00Z
13.25921203017917,52.4640415780768,2013-12-01T10:31:00Z
13.259286427676011,52.463991127614264,2013-12-01T13:31:00Z
13.254921133157744,52.463643328684654,2013-12-01T16:31:00Z
13.250571158101545,52.46021626658397,2013-12-01T19:31:00Z
13.254167753234068,52.456812523852534,2013-12-01T22:31:00Z
13.25461189350831,52.45933378488659,2013-12-02T01:31:00Z
13.257543350316572,52.46429871517025,2013-12-02T04:31:00Z
13.257540060466377,52.464321648130095,2013-12-02T07:31:00Z
